tag,sada,grp,instance_cnt,temp,inner_iters,min_temp,cooling,max_cycles,meas_cycles,success_rate,restarts_needed,cycles_needed,worst_success,worst_restarts,worst_cycles,q0.05_success,q0.05_restarts,q0.05_cycles,dest_temp_q0.05,duration
wruf36-157\M,wruf36-157,M,50,2,500,0.01,0.1,1151,1194,0.29836,9,10746,0.016,186,222084,0.054,54,64476,0.02,06:58:15.1554134
wruf36-157\M,wruf36-157,M,50,2,1000,0.01,0.1,2301,2416,0.3944,6,14496,0.02,149,359984,0.06,49,118384,0.02,00:42:33.4384379
wruf36-157\M,wruf36-157,M,50,2,1000,0.0333,0.3,3402,3163,0.4428,6,18978,0,1000000,3163000000,0.1,29,91727,0.054,00:18:15.2505810
wruf36-157\M,wruf36-157,M,50,2,1000,0.1,0.3,2488,2237,0.3016,9,20133,0,1000000,2237000000,0.02,149,333313,0.18,00:06:44.9759206
wruf36-157\M,wruf36-157,M,50,2,1000,0.01,0.3,4401,4124,0.4792,5,20620,0,1000000,4124000000,0.06,49,202076,0.0162,01:32:04.9271032
wruf36-157\M,wruf36-157,M,50,2,1000,0.00333,0.3,5314,5112,0.4924,5,25560,0.04,74,378288,0.08,36,184032,0.0162,00:17:52.8219508
wruf36-157\M,wruf36-157,M,50,2,1000,0.001,0.3,6313,6107,0.514,5,30535,0.02,149,909943,0.04,74,451918,0.0162,00:22:17.9398408
wruf36-157\M,wruf36-157,M,50,2,1000,0.01,0.7,14855,12685,0.6588,3,38055,0.08,36,456660,0.08,36,456660,0.0807072,01:44:14.6763900
wruf36-157\M,wruf36-157,M,50,2,1000,0.1,0.9,28433,22851,0.8296,2,45702,0.26,10,228510,0.3,9,205659,0.218838,01:44:29.7850301
wruf36-157\M,wruf36-157,M,50,2,1000,0.333,0.9,17015,12889,0.6288,4,51556,0.2,14,180446,0.22,13,167557,0.333544,01:16:04.6703028
wruf36-157\M,wruf36-157,M,50,2,1000,0.0333,0.9,38870,32182,0.8244,2,64364,0.12,24,772368,0.28,10,321820,0.218838,02:22:52.7146884
wruf36-157\M,wruf36-157,M,20,0.5,500,0.01,0.95,38134,35379,0.835,2,70758,0.425,6,212274,0.425,6,212274,,
wruf36-157\M,wruf36-157,M,20,2,500,0.01,0.95,51647,44542,0.853,2,89084,0.495,5,222710,0.495,5,222710,,
wruf36-157\M,wruf36-157,M,50,2,500,0.01,0.95,51647,44663,0.8356,2,89326,0.16,18,803934,0.28,10,446630,0.209348,04:20:03.4552111
wruf36-157\M,wruf36-157,M,50,2,1000,0.00333,0.9,60724,53642,0.8388,2,107284,0.26,10,536420,0.28,10,536420,0.218838,06:42:29.7958907
wruf36-157\M,wruf36-157,M,20,20,500,0.01,0.95,74093,56604,0.84796,2,113208,0.515,5,283020,0.515,5,283020,,
wruf36-157\M,wruf36-157,M,50,2,1000,0.001,0.9,72142,65589,0.8364,2,131178,0.32,8,524712,0.38,7,459123,0.196954,03:06:34.8909349
wruf36-157\M,wruf36-157,M,20,200,500,0.01,0.95,96538,67975,0.8525,2,135950,0.475,5,339875,0.475,5,339875,,
wruf36-157\M,wruf36-157,M,20,0.2,500,0.01,0.95,29202,27682,0.484,5,138410,0.09,32,885824,0.09,32,885824,,
wruf36-157\M,wruf36-157,M,50,2,1000,0.333,0.3,1489,1347,0.0288,103,138741,0,1000000,1347000000,0,1000000,1347000000,0.6,00:06:14.5214243
wruf36-157\M,wruf36-157,M,50,2,1000,0.01,0.95,103295,89431,0.9248,2,178862,0.46,5,447155,0.48,5,447155,0.270552,07:40:00.5509795
wruf36-157\M,wruf36-157,M,50,2,2000,0.01,0.95,206589,178897,0.9736,1,178897,0.56,4,715588,0.76,3,536691,0.332167,08:59:58.2282234
wruf36-157\M,wruf36-157,M,50,2,4000,0.01,0.95,413178,357923,0.9904,1,357923,0.76,3,1073769,0.88,2,715846,0.407814,1.01:51:55.4872885
wruf36-157\M,wruf36-157,M,50,2,1000,0.01,0.99,527178,454943,0.9972,1,454943,0.92,2,909886,0.96,1,454943,0.425451,1.07:03:06.0799978
wruf36-157\N,wruf36-157,N,50,2,500,0.01,0.1,1151,1194,0.27516,10,11940,0.072,41,48954,0.104,28,33432,0.02,03:18:31.9764434
wruf36-157\N,wruf36-157,N,50,2,1000,0.01,0.1,2301,2418,0.3488,7,16926,0.06,49,118482,0.08,36,87048,0.02,01:26:14.2777421
wruf36-157\N,wruf36-157,N,50,2,1000,0.0333,0.3,3402,3158,0.4312,6,18948,0.14,20,63160,0.14,20,63160,0.054,00:16:26.2271172
wruf36-157\N,wruf36-157,N,50,2,1000,0.1,0.3,2488,2237,0.3036,9,20133,0.02,149,333313,0.1,29,64873,0.18,00:09:49.6794745
wruf36-157\N,wruf36-157,N,50,2,1000,0.01,0.3,4401,4119,0.4864,5,20595,0.04,74,304806,0.14,20,82380,0.0162,00:58:25.0397260
wruf36-157\N,wruf36-157,N,50,2,1000,0.00333,0.3,5314,5105,0.4788,5,25525,0.12,24,122520,0.16,18,91890,0.0162,00:11:26.8923994
wruf36-157\N,wruf36-157,N,50,2,1000,0.001,0.3,6313,6094,0.4936,5,30470,0.12,24,146256,0.12,24,146256,0.0162,00:13:10.1611659
wruf36-157\N,wruf36-157,N,50,2,1000,0.01,0.7,14855,12650,0.6532,3,37950,0.18,16,202400,0.26,10,126500,0.0807072,01:26:20.0232918
wruf36-157\N,wruf36-157,N,50,2,1000,0.333,0.9,17015,12894,0.632,3,38682,0.06,49,631806,0.26,10,128940,0.333544,00:42:17.0541747
wruf36-157\N,wruf36-157,N,50,2,1000,0.1,0.9,28433,22832,0.8628,2,45664,0.48,5,114160,0.56,4,91328,0.196954,00:58:14.2318575
wruf36-157\N,wruf36-157,N,50,2,1000,0.0333,0.9,38870,32105,0.8456,2,64210,0.32,8,256840,0.54,4,128420,0.218838,05:35:20.0248172
wruf36-157\N,wruf36-157,N,20,0.5,500,0.01,0.95,38134,35248,0.84675,2,70496,0.465,5,176240,0.465,5,176240,,
wruf36-157\N,wruf36-157,N,50,2,1000,0.01,0.9,50288,43636,0.8548,2,87272,0.3,9,392724,0.52,5,218180,0.196954,04:10:59.7936625
wruf36-157\M,wruf36-157,N,50,2,1000,0.01,0.9,50288,43736,0.8248,2,87472,0.18,16,699776,0.28,10,437360,0.218838,04:15:07.4750663
wruf36-157\N,wruf36-157,N,20,2,500,0.01,0.95,51647,44388,0.8645,2,88776,0.55,4,177552,0.55,4,177552,,
wruf36-157\N,wruf36-157,N,50,2,500,0.01,0.95,51647,44564,0.8664,2,89128,0.44,6,267384,0.5,5,222820,0.198881,04:20:44.6165861
wruf36-157\N,wruf36-157,N,50,2,1000,0.00333,0.9,60724,53515,0.8656,2,107030,0.38,7,374605,0.46,5,267575,0.196954,02:02:46.1871342
wruf36-157\N,wruf36-157,N,20,20,500,0.01,0.95,74093,56455,0.86725,2,112910,0.5,5,282275,0.5,5,282275,,
wruf36-157\N,wruf36-157,N,50,2,1000,0.333,0.3,1489,1348,0.0316,94,126712,0,1000000,1348000000,0,1000000,1348000000,0.6,00:05:52.4314602
wruf36-157\N,wruf36-157,N,50,2,1000,0.001,0.9,72142,65442,0.8612,2,130884,0.34,8,523536,0.54,4,261768,0.196954,02:27:15.0167781
wruf36-157\N,wruf36-157,N,20,200,500,0.01,0.95,96538,67825,0.86725,2,135650,0.56,4,271300,0.56,4,271300,,
wruf36-157\N,wruf36-157,N,20,0.2,500,0.01,0.95,29202,27570,0.46,5,137850,0.11,26,716820,0.11,26,716820,,
wruf36-157\N,wruf36-157,N,50,2,1000,0.01,0.95,103295,89177,0.9468,2,178354,0.68,3,267531,0.72,3,267531,0.257024,07:37:25.0612993
wruf36-157\N,wruf36-157,N,50,2,2000,0.01,0.95,206589,178537,0.9908,1,178537,0.84,2,357074,0.9,2,357074,0.332167,12:14:12.1542742
wruf36-157\N,wruf36-157,N,50,2,4000,0.01,0.95,413178,357328,0.9988,1,357328,0.96,1,357328,0.98,1,357328,0.387423,1.01:43:39.5010217
wruf36-157\N,wruf36-157,N,50,2,1000,0.01,0.99,527178,454075,0.9992,1,454075,0.98,1,454075,0.98,1,454075,0.412815,1.05:56:08.4931569
wruf36-157\Q,wruf36-157,Q,50,2,500,0.01,0.1,1151,1198,0.08544,34,40732,0.006,498,596604,0.02,149,178502,0.02,06:57:58.2353943
wruf36-157\R,wruf36-157,R,50,2,500,0.01,0.1,1151,1196,0.0784,37,44252,0.012,249,297804,0.016,186,222456,0.02,03:19:14.7077584
wruf36-157\R,wruf36-157,R,50,2,1000,0.0333,0.3,3402,3159,0.1912,15,47385,0.02,149,470691,0.04,74,233766,0.054,00:16:28.1679447
wruf36-157\Q,wruf36-157,Q,50,2,1000,0.0333,0.3,3402,3164,0.1752,16,50624,0.02,149,471436,0.04,74,234136,0.054,00:18:18.4936234
wruf36-157\R,wruf36-157,R,50,2,1000,0.01,0.3,4401,4121,0.1876,15,61815,0.02,149,614029,0.04,74,304954,0.0162,01:32:00.8846903
wruf36-157\R,wruf36-157,R,50,2,1000,0.333,0.9,17015,12848,0.3568,7,89936,0.1,29,372592,0.12,24,308352,0.333544,00:42:09.0893577
wruf36-157\Q,wruf36-157,Q,50,2,1000,0.1,0.9,28433,22794,0.5184,5,113970,0.14,20,455880,0.2,14,319116,0.177259,01:44:24.1715383
wruf36-157\R,wruf36-157,R,50,2,1000,0.1,0.3,2488,2233,0.1352,21,46893,0.02,149,332717,0.02,149,332717,0.18,00:09:50.0653851
wruf36-157\Q,wruf36-157,Q,50,2,1000,0.1,0.3,2488,2235,0.1424,20,44700,0.02,149,333015,0.02,149,333015,0.18,00:06:43.0067183
wruf36-157\R,wruf36-157,R,50,2,1000,0.01,0.1,2301,2419,0.1284,22,53218,0,1000000,2419000000,0.02,149,360431,0.02,00:42:40.5392296
wruf36-157\R,wruf36-157,R,50,2,1000,0.01,0.7,14855,12651,0.3144,8,101208,0,1000000,12651000000,0.06,49,619899,0.0807072,01:42:35.6810796
wruf36-157\R,wruf36-157,R,50,2,1000,0.0333,0.9,38870,32048,0.5372,4,128192,0.02,149,4775152,0.18,16,512768,0.159533,05:35:56.3135314
wruf36-157\R,wruf36-157,R,50,2,1000,0.1,0.9,28433,22750,0.54,4,91000,0.1,29,659750,0.12,24,546000,0.177259,00:58:14.9095933
wruf36-157\Q,wruf36-157,Q,50,2,1000,0.0333,0.9,38870,32168,0.54,4,128672,0.02,149,4793032,0.16,18,579024,0.159533,02:22:11.0035021
wruf36-157\Q,wruf36-157,Q,50,2,1000,0.01,0.3,4401,4129,0.1892,15,61935,0,1000000,4129000000,0.02,149,615221,0.0162,00:51:16.9775848
wruf36-157\Q,wruf36-157,Q,50,2,1000,0.333,0.9,17015,12844,0.3432,8,102752,0.04,74,950456,0.08,36,462384,0.333544,01:15:28.7330496
wruf36-157\R,wruf36-157,R,50,2,1000,0.01,0.9,50288,43625,0.5484,4,174500,0.14,20,872500,0.18,16,698000,0.159533,04:00:12.5278954
wruf36-157\Q,wruf36-157,Q,20,2,500,0.01,0.95,51647,44456,0.5129,5,222280,0.18,16,711296,0.18,16,711296,,
wruf36-157\Q,wruf36-157,Q,20,0.5,500,0.01,0.95,38134,35331,0.48975,5,176655,0.135,21,741951,0.135,21,741951,,
wruf36-157\Q,wruf36-157,Q,50,2,1000,0.01,0.9,50288,43778,0.5416,4,175112,0.1,29,1269562,0.16,18,788004,0.177259,02:00:55.1626438
wruf36-157\R,wruf36-157,R,50,2,500,0.01,0.95,51647,44526,0.5268,5,222630,0.08,36,1602936,0.16,18,801468,0.17949,04:22:31.7959619
wruf36-157\Q,wruf36-157,Q,50,2,500,0.01,0.95,51647,44670,0.5444,4,178680,0.1,29,1295430,0.16,18,804060,0.170515,04:20:34.7047591
wruf36-157\Q,wruf36-157,Q,50,2,1000,0.01,0.95,103295,89443,0.7184,3,268329,0.22,13,1162759,0.3,9,804987,0.220366,07:41:53.8480129
wruf36-157\R,wruf36-157,R,50,2,2000,0.01,0.95,206589,178279,0.8476,2,356558,0.34,8,1426232,0.52,5,891395,0.257024,12:17:10.2672301
wruf36-157\R,wruf36-157,R,50,2,1000,0.001,0.3,6313,6082,0.1752,16,97312,0.02,149,906218,0.02,149,906218,0.0162,00:13:07.3406922
wruf36-157\R,wruf36-157,R,20,0.5,500,0.01,0.95,38134,35059,0.499,5,175295,0.06,49,1717891,0.06,49,1717891,,
wruf36-157\Q,wruf36-157,Q,50,2,1000,0.01,0.7,14855,12692,0.3308,8,101536,0.02,149,1891108,0.04,74,939208,0.0807072,02:05:10.8614705
wruf36-157\R,wruf36-157,R,50,2,1000,0.00333,0.9,60724,53469,0.5372,4,213876,0.1,29,1550601,0.16,18,962442,0.159533,02:03:36.1035950
wruf36-157\R,wruf36-157,R,50,2,1000,0.01,0.95,103295,89094,0.6936,3,267282,0.22,13,1158222,0.24,11,980034,0.220366,07:41:51.1195061
wruf36-157\Q,wruf36-157,Q,20,20,500,0.01,0.95,74093,56517,0.5195,5,282585,0.16,18,1017306,0.16,18,1017306,,
wruf36-157\R,wruf36-157,R,20,20,500,0.01,0.95,74093,56219,0.52538,5,281095,0.07,42,2361198,0.07,42,2361198,,
wruf36-157\Q,wruf36-157,Q,50,2,2000,0.01,0.95,206589,179040,0.8608,2,358080,0.28,10,1790400,0.4,6,1074240,0.257024,12:21:10.0913474
wruf36-157\Q,wruf36-157,Q,50,2,1000,0.001,0.9,72142,65523,0.5464,4,262092,0.14,20,1310460,0.16,18,1179414,0.159533,03:05:34.5082603
wruf36-157\Q,wruf36-157,Q,50,2,1000,0.00333,0.9,60724,53638,0.534,4,214552,0.06,49,2628262,0.12,24,1287312,0.159533,06:44:24.9911020
wruf36-157\R,wruf36-157,R,50,2,1000,0.001,0.9,72142,65333,0.5448,4,261332,0.12,24,1567992,0.14,20,1306660,0.159533,02:27:58.9256639
wruf36-157\Q,wruf36-157,Q,20,200,500,0.01,0.95,96538,67873,0.5235,5,339365,0.14,20,1357460,0.14,20,1357460,,
wruf36-157\Q,wruf36-157,Q,50,2,4000,0.01,0.95,413178,358026,0.9556,1,358026,0.58,4,1432104,0.68,3,1074078,0.315558,1.01:54:51.0229199
wruf36-157\R,wruf36-157,R,50,2,4000,0.01,0.95,413178,356815,0.942,2,713630,0.58,4,1427260,0.62,4,1427260,0.315558,1.01:47:30.4174492
wruf36-157\R,wruf36-157,R,50,2,1000,0.01,0.99,527178,453373,0.9568,1,453373,0.74,3,1360119,0.74,3,1360119,0.334268,1.07:00:02.0743890
wruf36-157\Q,wruf36-157,Q,20,0.2,500,0.01,0.95,29202,27672,0.2245,12,332064,0.04,74,2047728,0.04,74,2047728,,
wruf36-157\R,wruf36-157,R,20,2,500,0.01,0.95,51647,44192,0.5254,5,220960,0.055,53,2342176,0.055,53,2342176,,
wruf36-157\Q,wruf36-157,Q,50,2,1000,0.01,0.99,527178,455157,0.9724,1,455157,0.74,3,1365471,0.8,2,910314,0.32434,1.06:15:38.4518002
wruf36-157\R,wruf36-157,R,20,0.2,500,0.01,0.95,29202,27503,0.25,11,302533,0.03,99,2722797,0.03,99,2722797,,
wruf36-157\R,wruf36-157,R,20,200,500,0.01,0.95,96538,67609,0.53025,4,270436,0.05,59,3988931,0.05,59,3988931,,
wruf36-157\Q,wruf36-157,Q,50,2,1000,0.333,0.3,1489,1344,0.0152,196,263424,0,1000000,1344000000,0,1000000,1344000000,0.6,00:06:13.5288348
wruf36-157\R,wruf36-157,R,50,2,1000,0.333,0.3,1489,1344,0.0112,266,357504,0,1000000,1344000000,0,1000000,1344000000,0.6,00:05:52.5373614
wruf36-157\Q,wruf36-157,Q,50,2,1000,0.01,0.1,2301,2423,0.1312,22,53306,0,1000000,2423000000,0,1000000,2423000000,0.02,00:40:36.5786817
wruf36-157\R,wruf36-157,R,50,2,1000,0.00333,0.3,5314,5101,0.1808,16,81616,0,1000000,5101000000,0,1000000,5101000000,0.0162,00:11:28.2731872
wruf36-157\Q,wruf36-157,Q,50,2,1000,0.00333,0.3,5314,5113,0.1828,15,76695,0,1000000,5113000000,0,1000000,5113000000,0.0162,00:17:49.6077684
wruf36-157\Q,wruf36-157,Q,50,2,1000,0.001,0.3,6313,6099,0.1908,15,91485,0,1000000,6099000000,0,1000000,6099000000,0.0162,00:22:21.7981137
wuf20-71\M,wuf20-71,M,50,2,500,0.01,0.1,1151,1100,0.8748,2,2200,0.616,4,4400,0.628,4,4400,0.02,06:27:07.9816977
wuf20-71\M,wuf20-71,M,50,2,1000,0.01,0.1,2301,2200,0.954,1,2200,0.68,3,6600,0.74,3,6600,0.02,00:05:51.2629148
wuf20-71\M,wuf20-71,M,50,2,1000,0.01,0.3,4401,3671,0.9852,1,3671,0.88,2,7342,0.94,2,7342,0.0162,00:14:20.4332842
wuf20-71\M,wuf20-71,M,50,2,1000,0.00333,0.3,5314,4667,0.9824,1,4667,0.86,2,9334,0.9,2,9334,0.0162,00:07:50.5879774
wuf20-71\M,wuf20-71,M,50,2,1000,0.0333,0.3,3402,2735,0.8472,2,5470,0.64,3,8205,0.66,3,8205,0.054,00:14:06.6764436
wuf20-71\M,wuf20-71,M,50,2,1000,0.001,0.3,6313,5666,0.9884,1,5666,0.9,2,11332,0.92,2,11332,0.0162,00:15:35.1990840
wuf20-71\M,wuf20-71,M,50,2,1000,0.01,0.7,14855,11044,0.9988,1,11044,0.96,1,11044,0.98,1,11044,0.056495,00:21:11.1317600
wuf20-71\M,wuf20-71,M,20,0.05,500,0.01,0.95,15689,14356,0.9635,1,14356,0.73,3,43068,0.73,3,43068,0.0428687,
wuf20-71\M,wuf20-71,M,50,2,1000,0.1,0.3,2488,1960,0.3016,9,17640,0.12,24,47040,0.14,20,39200,0.18,00:04:53.3014067
wuf20-71\M,wuf20-71,M,20,0.1,500,0.01,0.95,22445,19210,0.96925,1,19210,0.82,2,38420,0.82,2,38420,,
wuf20-71\M,wuf20-71,M,50,2,1000,0.1,0.9,28433,19383,0.9744,1,19383,0.82,2,38766,0.88,2,38766,0.14358,00:51:39.2204124
wuf20-71\M,wuf20-71,M,20,0.2,500,0.01,0.95,29202,24240,0.988,1,24240,0.895,2,48480,0.895,2,48480,,
wuf20-71\M,wuf20-71,M,50,2,1000,0.0333,0.9,38870,27084,1,1,27084,1,1,27084,1,1,27084,0.129222,01:04:28.3441933
wuf20-71\M,wuf20-71,M,50,2,1000,0.333,0.9,17015,11636,0.666,3,34908,0.4,6,69816,0.42,6,69816,0.333544,00:39:24.4213151
wuf20-71\M,wuf20-71,M,50,2,1000,0.01,0.9,50288,38069,1,1,38069,1,1,38069,1,1,38069,0.116299,00:47:10.6004056
wuf20-71\M,wuf20-71,M,20,2,500,0.01,0.95,51647,38994,1,1,38994,1,1,38994,1,1,38994,,
wuf20-71\M,wuf20-71,M,50,2,1000,0.333,0.3,1489,1256,0.076,38,47728,0.02,149,187144,0.02,149,187144,0.6,00:04:41.8875767
wuf20-71\M,wuf20-71,M,50,2,1000,0.00333,0.9,60724,48020,1,1,48020,1,1,48020,1,1,48020,0.129222,01:52:08.2362493
wuf20-71\M,wuf20-71,M,20,20,500,0.01,0.95,74093,51047,1,1,51047,1,1,51047,1,1,51047,,
wuf20-71\M,wuf20-71,M,50,2,1000,0.001,0.9,72142,60014,0.9996,1,60014,0.98,1,60014,1,1,60014,0.116299,05:19:11.3050342
wuf20-71\M,wuf20-71,M,20,200,500,0.01,0.95,96538,62415,0.99975,1,62415,0.995,1,62415,0.995,1,62415,,
wuf20-71\M,wuf20-71,M,50,2,1000,0.01,0.95,103295,77678,1,1,77678,1,1,77678,1,1,77678,0.231964,01:55:30.9030153
wuf20-71\M,wuf20-71,M,50,2,1000,0.01,0.99,527178,394497,1,1,394497,1,1,394497,1,1,394497,0.717497,05:59:24.8973053
wuf20-71\N,wuf20-71,N,50,2,500,0.01,0.1,1151,1103,0.84904,2,2206,0.286,9,9927,0.294,9,9927,0.02,03:03:13.7022000
wuf20-71\N,wuf20-71,N,50,2,1000,0.01,0.3,4401,3683,0.9744,1,3683,0.6,4,14732,0.86,2,7366,0.0162,00:07:03.5320293
wuf20-71\N,wuf20-71,N,50,2,1000,0.01,0.1,2301,2206,0.9372,2,4412,0.5,5,11030,0.6,4,8824,0.02,00:11:05.9905361
wuf20-71\N,wuf20-71,N,50,2,1000,0.00333,0.3,5314,4678,0.9712,1,4678,0.56,4,18712,0.64,3,14034,0.0162,00:08:36.6708898
wuf20-71\N,wuf20-71,N,50,2,1000,0.0333,0.3,3402,2743,0.8564,2,5486,0.46,5,13715,0.6,4,10972,0.054,00:13:31.8301202
wuf20-71\N,wuf20-71,N,50,2,1000,0.001,0.3,6313,5680,0.9692,1,5680,0.6,4,22720,0.66,3,17040,0.0162,00:07:39.4589205
wuf20-71\N,wuf20-71,N,50,2,1000,0.01,0.7,14855,11088,0.9972,1,11088,0.94,2,22176,0.96,1,11088,0.056495,00:33:24.9021250
wuf20-71\N,wuf20-71,N,20,0.05,500,0.01,0.95,15689,14231,0.958,1,14231,0.545,4,56924,0.545,4,56924,0.045125,
wuf20-71\N,wuf20-71,N,50,2,1000,0.1,0.3,2488,1964,0.3144,8,15712,0.12,24,47136,0.16,18,35352,0.18,00:12:48.0869008
wuf20-71\N,wuf20-71,N,20,0.1,500,0.01,0.95,22445,19073,0.95525,1,19073,0.63,4,76292,0.63,4,76292,,
wuf20-71\N,wuf20-71,N,50,2,1000,0.1,0.9,28433,19442,0.9784,1,19442,0.74,3,58326,0.92,2,38884,0.14358,00:52:16.0078116
wuf20-71\N,wuf20-71,N,20,0.2,500,0.01,0.95,29202,24088,0.9712,1,24088,0.595,4,96352,0.595,4,96352,,
wuf20-71\N,wuf20-71,N,50,2,1000,0.0333,0.9,38870,27180,0.9996,1,27180,0.98,1,27180,1,1,27180,0.129222,01:12:25.2388370
wuf20-71\N,wuf20-71,N,50,2,1000,0.333,0.9,17015,11660,0.6724,3,34980,0.32,8,93280,0.38,7,81620,0.333544,00:39:13.0328105
wuf20-71\N,wuf20-71,N,50,2,1000,0.333,0.3,1489,1257,0.1048,28,35196,0,1000000,1257000000,0.02,149,187293,0.6,00:09:46.0379274
wuf20-71\N,wuf20-71,N,50,2,1000,0.01,0.9,50288,38230,1,1,38230,1,1,38230,1,1,38230,0.129222,00:28:01.6098329
wuf20-71\N,wuf20-71,N,20,2,500,0.01,0.95,51647,38822,0.99875,1,38822,0.98,1,38822,0.98,1,38822,,
wuf20-71\N,wuf20-71,N,50,2,1000,0.00333,0.9,60724,48180,0.9996,1,48180,0.98,1,48180,1,1,48180,0.129222,01:18:48.1210516
wuf20-71\N,wuf20-71,N,20,20,500,0.01,0.95,74093,50857,1,1,50857,1,1,50857,1,1,50857,,
wuf20-71\N,wuf20-71,N,50,2,1000,0.001,0.9,72142,60175,1,1,60175,1,1,60175,1,1,60175,0.129222,01:18:37.6995882
wuf20-71\N,wuf20-71,N,20,200,500,0.01,0.95,96538,62219,0.9995,1,62219,0.99,1,62219,0.99,1,62219,,
wuf20-71\N,wuf20-71,N,50,2,1000,0.01,0.95,103295,77996,1,1,77996,1,1,77996,1,1,77996,0.220366,01:54:58.7749462
wuf20-71\N,wuf20-71,N,50,2,1000,0.01,0.99,527178,396126,1,1,396126,1,1,396126,1,1,396126,0.710322,05:58:12.1015949
wuf20-71\R,wuf20-71,R,50,2,1000,0.0333,0.3,3402,2780,0.6156,4,11120,0.1,29,80620,0.16,18,50040,0.054,00:13:32.1188267
wuf20-71\R,wuf20-71,R,50,2,500,0.01,0.1,1151,1118,0.3798,7,7826,0.044,67,74906,0.054,54,60372,0.02,03:03:34.5803987
wuf20-71\R,wuf20-71,R,50,2,1000,0.01,0.1,2301,2241,0.4976,5,11205,0.06,49,109809,0.08,36,80676,0.02,00:12:03.6645035
wuf20-71\Q,wuf20-71,Q,50,2,1000,0.001,0.3,6313,5742,0.5856,4,22968,0.02,149,855558,0.06,49,281358,0.0162,00:15:55.9100489
wuf20-71\R,wuf20-71,R,50,2,1000,0.01,0.3,4401,3742,0.6848,3,11226,0.12,24,89808,0.12,24,89808,0.0162,00:14:18.2159955
wuf20-71\R,wuf20-71,R,50,2,1000,0.01,0.7,14855,11298,0.896,2,22596,0.22,13,146874,0.32,8,90384,0.0395465,00:21:15.5828767
wuf20-71\R,wuf20-71,R,50,2,1000,0.0333,0.9,38870,27588,0.9668,1,27588,0.38,7,193116,0.68,3,82764,0.0847823,01:14:10.5920243
wuf20-71\R,wuf20-71,R,50,2,1000,0.001,0.3,6313,5738,0.688,3,17214,0.06,49,281162,0.16,18,103284,0.0162,00:07:43.2301638
wuf20-71\R,wuf20-71,R,50,2,1000,0.01,0.9,50288,38982,0.9704,1,38982,0.32,8,311856,0.74,3,116946,0.0763041,00:39:40.8451216
wuf20-71\R,wuf20-71,R,50,2,1000,0.1,0.9,28433,19523,0.88,2,39046,0.36,7,136661,0.44,6,117138,0.129222,00:52:38.5892854
wuf20-71\Q,wuf20-71,Q,50,2,500,0.01,0.1,1151,1119,0.30856,9,10071,0.02,149,166731,0.028,106,118614,0.02,06:27:35.2799745
wuf20-71\R,wuf20-71,R,50,2,1000,0.00333,0.3,5314,4737,0.6876,3,14211,0.02,149,705813,0.1,29,137373,0.0162,00:08:37.6903405
wuf20-71\Q,wuf20-71,Q,50,2,1000,0.1,0.3,2488,1974,0.1764,16,31584,0,1000000,1974000000,0.04,74,146076,0.18,00:04:54.5256745
wuf20-71\Q,wuf20-71,Q,50,2,1000,0.1,0.9,28433,19557,0.8112,2,39114,0.12,24,469368,0.32,8,156456,0.116299,00:51:17.4387838
wuf20-71\R,wuf20-71,R,20,0.1,500,0.01,0.95,22445,20010,0.824,2,40020,0.07,42,840420,0.07,42,840420,,
wuf20-71\Q,wuf20-71,Q,20,0.05,500,0.01,0.95,15689,14742,0.862,2,29484,0.24,11,162162,0.24,11,162162,0.033171,
wuf20-71\R,wuf20-71,R,50,2,1000,0.333,0.9,17015,11645,0.5416,4,46580,0.08,36,419220,0.2,14,163030,0.333544,00:39:29.8790143
wuf20-71\R,wuf20-71,R,50,2,1000,0.00333,0.9,60724,48931,0.9756,1,48931,0.34,8,391448,0.82,2,97862,0.0686737,01:19:27.7032108
wuf20-71\Q,wuf20-71,Q,20,0.2,500,0.01,0.95,29202,24871,0.944,2,49742,0.335,8,198968,0.335,8,198968,,
wuf20-71\Q,wuf20-71,Q,50,2,1000,0.0333,0.3,3402,2784,0.5188,5,13920,0.02,149,414816,0.04,74,206016,0.054,00:14:03.8258075
wuf20-71\Q,wuf20-71,Q,50,2,1000,0.333,0.9,17015,11661,0.5004,5,58305,0.14,20,233220,0.16,18,209898,0.333544,00:39:12.5150953
wuf20-71\Q,wuf20-71,Q,20,0.1,500,0.01,0.95,22445,19758,0.91,2,39516,0.215,13,256854,0.215,13,256854,,
wuf20-71\Q,wuf20-71,Q,20,20,500,0.01,0.95,74093,51679,0.9705,1,51679,0.49,5,258395,0.49,5,258395,,
wuf20-71\Q,wuf20-71,Q,50,2,1000,0.0333,0.9,38870,27616,0.9064,2,55232,0.24,11,303776,0.28,10,276160,0.0763041,01:05:28.6236708
wuf20-71\Q,wuf20-71,Q,50,2,1000,0.01,0.3,4401,3745,0.5816,4,14980,0.02,149,558005,0.04,74,277130,0.0162,00:11:48.1868281
wuf20-71\Q,wuf20-71,Q,20,2,500,0.01,0.95,51647,39641,0.96575,1,39641,0.38,7,277487,0.38,7,277487,,
wuf20-71\R,wuf20-71,R,20,2,500,0.01,0.95,51647,40080,0.916,2,80160,0.375,7,280560,0.375,7,280560,,
wuf20-71\R,wuf20-71,R,20,0.2,500,0.01,0.95,29202,25192,0.8589,2,50384,0.075,39,982488,0.075,39,982488,,
wuf20-71\R,wuf20-71,R,50,2,1000,0.1,0.3,2488,1971,0.208,13,25623,0.02,149,293679,0.02,149,293679,0.18,00:12:44.5481062
wuf20-71\R,wuf20-71,R,20,20,500,0.01,0.95,74093,52119,0.9255,2,104238,0.425,6,312714,0.425,6,312714,,
wuf20-71\Q,wuf20-71,Q,20,200,500,0.01,0.95,96538,63050,0.9705,1,63050,0.515,5,315250,0.515,5,315250,,
wuf20-71\Q,wuf20-71,Q,50,2,1000,0.01,0.7,14855,11305,0.8064,2,22610,0.08,36,406980,0.1,29,327845,0.0395465,00:15:15.3884133
wuf20-71\Q,wuf20-71,Q,50,2,1000,0.01,0.1,2301,2241,0.432,6,13446,0.02,149,333909,0.02,149,333909,0.02,00:10:34.1107721
wuf20-71\R,wuf20-71,R,20,200,500,0.01,0.95,96538,63484,0.926,2,126968,0.445,6,380904,0.445,6,380904,,
wuf20-71\Q,wuf20-71,Q,50,2,1000,0.01,0.95,103295,79658,0.958,1,79658,0.34,8,637264,0.5,5,398290,0.125344,01:56:47.2344005
wuf20-71\R,wuf20-71,R,50,2,1000,0.001,0.9,72142,60928,0.9692,1,60928,0.32,8,487424,0.66,3,182784,0.0763041,01:20:02.6455950
wuf20-71\R,wuf20-71,R,50,2,1000,0.01,0.95,103295,79548,0.9872,1,79548,0.52,5,397740,0.9,2,159096,0.131941,01:57:04.0569552
wuf20-71\R,wuf20-71,R,20,0.05,500,0.01,0.95,15689,14896,0.773,3,44688,0.105,28,417088,0.105,28,417088,,
wuf20-71\Q,wuf20-71,Q,50,2,1000,0.00333,0.9,60724,49005,0.926,2,98010,0.28,10,490050,0.28,10,490050,0.0686737,04:49:27.9205578
wuf20-71\Q,wuf20-71,Q,50,2,1000,0.01,0.9,50288,39026,0.9148,2,78052,0.12,24,936624,0.22,13,507338,0.0686737,00:54:29.9826932
wuf20-71\Q,wuf20-71,Q,50,2,1000,0.001,0.9,72142,60995,0.926,2,121990,0.16,18,1097910,0.26,10,609950,0.0686737,02:26:02.2426636
wuf20-71\Q,wuf20-71,Q,50,2,1000,0.00333,0.3,5314,4740,0.5964,4,18960,0.02,149,706260,0.02,149,706260,0.0162,00:07:57.3927519
wuf20-71\R,wuf20-71,R,50,2,1000,0.01,0.99,527178,404241,0.9996,1,404241,0.98,1,404241,1,1,404241,0.569416,05:59:40.8176720
wuf20-71\Q,wuf20-71,Q,50,2,1000,0.01,0.99,527178,404814,0.9952,1,404814,0.84,2,809628,0.96,1,404814,0.546978,06:03:02.4939462
wuf20-71\R,wuf20-71,R,50,2,1000,0.333,0.3,1489,1255,0.0584,50,62750,0,1000000,1255000000,0,1000000,1255000000,0.6,00:09:38.5175720
wuf20-71\Q,wuf20-71,Q,50,2,1000,0.333,0.3,1489,1256,0.058,51,64056,0,1000000,1256000000,0,1000000,1256000000,0.6,00:04:41.2480598
wuf20-91\M,wuf20-91,M,50,2,1000,0.1,0.3,2488,2277,0.8152,2,4554,0.4,6,13662,0.48,5,11385,0.18,00:05:26.2117994
wuf20-91\M,wuf20-91,M,50,2,500,0.01,0.1,1151,1225,0.55744,4,4900,0.152,19,23275,0.204,14,17150,0.02,06:35:15.9350124
wuf20-91\M,wuf20-91,M,50,2,1000,0.333,0.3,1489,1369,0.6096,4,5476,0.26,10,13690,0.28,10,13690,0.6,00:05:02.6186462
wuf20-91\M,wuf20-91,M,50,2,1000,0.0333,0.3,3402,3217,0.8164,2,6434,0.38,7,22519,0.46,5,16085,0.18,00:15:29.1982962
wuf20-91\M,wuf20-91,M,50,2,1000,0.01,0.3,4401,4196,0.8044,2,8392,0.24,11,46156,0.42,6,25176,0.18,00:15:28.1514900
wuf20-91\M,wuf20-91,M,50,2,1000,0.01,0.1,2301,2465,0.6204,4,9860,0.14,20,49300,0.2,14,34510,0.2,00:06:27.9775887
wuf20-91\M,wuf20-91,M,50,2,1000,0.00333,0.3,5314,5191,0.8112,2,10382,0.38,7,36337,0.44,6,31146,0.18,00:10:12.3000630
wuf20-91\M,wuf20-91,M,50,2,1000,0.001,0.3,6313,6186,0.8288,2,12372,0.32,8,49488,0.46,5,30930,0.18,00:18:41.9496374
wuf20-91\M,wuf20-91,M,50,2,1000,0.333,0.9,17015,13092,0.994,1,13092,0.88,2,26184,0.94,2,26184,0.627621,00:51:47.8620575
wuf20-91\M,wuf20-91,M,50,2,1000,0.1,0.9,28433,23137,0.9972,1,23137,0.9,2,46274,0.96,1,23137,0.627621,01:07:03.9683076
wuf20-91\M,wuf20-91,M,50,2,1000,0.01,0.7,14855,12863,0.9456,2,25726,0.48,5,64315,0.76,3,38589,0.33614,00:25:07.4864860
wuf20-91\M,wuf20-91,M,50,2,1000,0.0333,0.9,38870,32575,0.998,1,32575,0.96,1,32575,0.96,1,32575,0.627621,01:28:37.0054778
wuf20-91\M,wuf20-91,M,20,0.5,500,0.01,0.95,38134,35953,0.98175,1,35953,0.74,3,107859,0.74,3,107859,,
wuf20-91\M,wuf20-91,M,50,2,1000,0.01,0.9,50288,44309,0.9972,1,44309,0.92,2,88618,0.94,2,88618,0.627621,01:03:17.1795048
wuf20-91\M,wuf20-91,M,20,2,500,0.01,0.95,51647,45254,0.99975,1,45254,0.995,1,45254,0.995,1,45254,,
wuf20-91\M,wuf20-91,M,50,2,1000,0.00333,0.9,60724,54258,0.9972,1,54258,0.92,2,108516,0.96,1,54258,0.564859,05:32:21.3621907
wuf20-91\M,wuf20-91,M,20,20,500,0.01,0.95,74093,57351,0.9992,1,57351,0.99,1,57351,0.99,1,57351,,
wuf20-91\M,wuf20-91,M,50,2,1000,0.001,0.9,72142,66234,0.9956,1,66234,0.84,2,132468,0.98,1,66234,0.627621,02:40:34.8984849
wuf20-91\M,wuf20-91,M,20,200,500,0.01,0.95,96538,68716,0.99875,1,68716,0.985,1,68716,0.985,1,68716,,
wuf20-91\M,wuf20-91,M,20,0.2,500,0.01,0.95,29202,27980,0.65575,3,83940,0.325,8,223840,0.325,8,223840,,
wuf20-91\M,wuf20-91,M,50,2,1000,0.01,0.95,103295,90498,1,1,90498,1,1,90498,1,1,90498,0.754707,02:12:52.4828336
wuf20-91\M,wuf20-91,M,50,2,1000,0.01,0.99,527178,460235,1,1,460235,1,1,460235,1,1,460235,1.21001,08:25:15.0270421
wuf20-91\N,wuf20-91,N,50,2,1000,0.1,0.3,2488,2282,0.784,2,4564,0.42,6,13692,0.46,5,11410,0.18,00:12:37.9711910
wuf20-91\N,wuf20-91,N,50,2,1000,0.333,0.3,1489,1368,0.5716,4,5472,0.24,11,15048,0.26,10,13680,0.6,00:08:11.2660034
wuf20-91\N,wuf20-91,N,50,2,500,0.01,0.1,1151,1226,0.5254,5,6130,0.096,30,36780,0.142,20,24520,0.02,03:09:26.4863480
wuf20-91\N,wuf20-91,N,50,2,1000,0.0333,0.3,3402,3232,0.7948,2,6464,0.28,10,32320,0.36,7,22624,0.18,00:14:31.9039193
wuf20-91\N,wuf20-91,N,50,2,1000,0.01,0.3,4401,4214,0.806,2,8428,0.36,7,29498,0.44,6,25284,0.18,00:08:17.3983308
wuf20-91\N,wuf20-91,N,50,2,1000,0.01,0.1,2301,2472,0.5836,4,9888,0.16,18,44496,0.18,16,39552,0.02,00:12:06.3796599
wuf20-91\N,wuf20-91,N,50,2,1000,0.00333,0.3,5314,5209,0.8132,2,10418,0.4,6,31254,0.5,5,26045,0.18,00:08:27.8980433
wuf20-91\N,wuf20-91,N,50,2,1000,0.001,0.3,6313,6196,0.8056,2,12392,0.36,7,43372,0.38,7,43372,0.18,00:09:09.7953269
wuf20-91\N,wuf20-91,N,50,2,1000,0.01,0.7,14855,12964,0.9628,1,12964,0.76,3,38892,0.78,2,25928,0.33614,00:40:25.7163023
wuf20-91\N,wuf20-91,N,50,2,1000,0.333,0.9,17015,13099,0.998,1,13099,0.94,2,26198,0.98,1,13099,0.627621,00:33:17.2896166
wuf20-91\N,wuf20-91,N,50,2,1000,0.1,0.9,28433,23322,0.9988,1,23322,0.96,1,23322,0.98,1,23322,0.564859,00:58:47.7497654
wuf20-91\N,wuf20-91,N,50,2,1000,0.0333,0.9,38870,32884,0.9988,1,32884,0.96,1,32884,0.98,1,32884,0.564859,01:40:06.2592722
wuf20-91\N,wuf20-91,N,20,0.5,500,0.01,0.95,38134,36498,0.9775,1,36498,0.635,3,109494,0.635,3,109494,,
wuf20-91\N,wuf20-91,N,50,2,1000,0.01,0.9,50288,44672,0.9996,1,44672,0.98,1,44672,1,1,44672,0.564859,00:41:40.3140761
wuf20-91\N,wuf20-91,N,20,2,500,0.01,0.95,51647,45796,0.99675,1,45796,0.935,2,91592,0.935,2,91592,,
wuf20-91\N,wuf20-91,N,50,2,1000,0.00333,0.9,60724,54660,0.9992,1,54660,0.98,1,54660,0.98,1,54660,0.627621,01:25:25.9969331
wuf20-91\N,wuf20-91,N,20,20,500,0.01,0.95,74093,57883,0.9982,1,57883,0.9648,1,57883,0.9648,1,57883,,
wuf20-91\N,wuf20-91,N,50,2,1000,0.001,0.9,72142,66637,0.9988,1,66637,0.98,1,66637,0.98,1,66637,0.564859,01:32:11.8593283
wuf20-91\N,wuf20-91,N,20,200,500,0.01,0.95,96538,69256,0.99925,1,69256,0.985,1,69256,0.985,1,69256,,
wuf20-91\N,wuf20-91,N,50,2,1000,0.01,0.95,103295,91314,1,1,91314,1,1,91314,1,1,91314,0.754707,02:13:11.2602506
wuf20-91\N,wuf20-91,N,20,0.2,500,0.01,0.95,29202,28475,0.61125,4,113900,0.21,13,370175,0.21,13,370175,,
wuf20-91\N,wuf20-91,N,50,2,1000,0.01,0.99,527178,464401,1,1,464401,1,1,464401,1,1,464401,1.18593,08:35:02.0592994
wuf20-91\Q,wuf20-91,Q,50,2,1000,0.333,0.3,1489,1360,0.3784,7,9520,0.04,74,100640,0.18,16,21760,0.6,00:05:02.6536146
wuf20-91\Q,wuf20-91,Q,50,2,500,0.01,0.1,1151,1225,0.28872,9,11025,0.08,36,44100,0.09,32,39200,0.02,06:35:32.0633069
wuf20-91\R,wuf20-91,R,50,2,500,0.01,0.1,1151,1224,0.29552,9,11016,0.09,32,39168,0.126,23,28152,0.02,03:09:29.5806142
wuf20-91\R,wuf20-91,R,50,2,1000,0.0333,0.3,3402,3218,0.61,4,12872,0.24,11,35398,0.3,9,28962,0.18,00:14:32.1868522
wuf20-91\Q,wuf20-91,Q,50,2,1000,0.1,0.3,2488,2271,0.5956,4,9084,0.12,24,54504,0.22,13,29523,0.18,00:05:28.2538434
wuf20-91\R,wuf20-91,R,50,2,1000,0.1,0.3,2488,2268,0.5876,4,9072,0.12,24,54432,0.2,14,31752,0.18,00:12:37.6726293
wuf20-91\R,wuf20-91,R,50,2,1000,0.333,0.3,1489,1361,0.3904,7,9527,0.1,29,39469,0.12,24,32664,0.6,00:08:08.8027343
wuf20-91\R,wuf20-91,R,50,2,1000,0.333,0.9,17015,12989,0.9772,1,12989,0.76,3,38967,0.86,2,25978,0.457536,00:33:11.1305109
wuf20-91\Q,wuf20-91,Q,50,2,1000,0.333,0.9,17015,12998,0.9664,1,12998,0.76,3,38994,0.76,3,38994,0.508373,00:51:49.4100316
wuf20-91\R,wuf20-91,R,50,2,1000,0.1,0.9,28433,23079,0.9848,1,23079,0.82,2,46158,0.86,2,46158,0.457536,00:58:30.5050297
wuf20-91\Q,wuf20-91,Q,50,2,1000,0.1,0.9,28433,23097,0.9748,1,23097,0.76,3,69291,0.82,2,46194,0.457536,01:06:43.3606418
wuf20-91\R,wuf20-91,R,50,2,1000,0.01,0.3,4401,4197,0.6064,4,16788,0.22,13,54561,0.24,11,46167,0.18,00:15:38.7770420
wuf20-91\Q,wuf20-91,Q,50,2,1000,0.0333,0.9,38870,32591,0.9728,1,32591,0.76,3,97773,0.78,2,65182,0.457536,01:28:54.0197799
wuf20-91\Q,wuf20-91,Q,50,2,1000,0.0333,0.3,3402,3219,0.594,4,12876,0.1,29,93351,0.18,16,51504,0.18,00:15:20.0968736
wuf20-91\Q,wuf20-91,Q,50,2,1000,0.01,0.3,4401,4196,0.6096,4,16784,0.2,14,58744,0.22,13,54548,0.18,00:12:56.6308062
wuf20-91\R,wuf20-91,R,50,2,1000,0.0333,0.9,38870,32595,0.9784,1,32595,0.66,3,97785,0.88,2,65190,0.457536,01:39:24.7965533
wuf20-91\Q,wuf20-91,Q,50,2,1000,0.01,0.1,2301,2467,0.3764,7,17269,0.12,24,59208,0.12,24,59208,0.2,00:12:34.3017906
wuf20-91\R,wuf20-91,R,50,2,1000,0.01,0.7,14855,12879,0.8364,2,25758,0.26,10,128790,0.52,5,64395,0.235298,00:24:34.7406814
wuf20-91\Q,wuf20-91,Q,50,2,1000,0.01,0.9,50288,44402,0.9804,1,44402,0.78,2,88804,0.86,2,88804,0.457536,01:05:49.8644575
wuf20-91\R,wuf20-91,R,50,2,1000,0.01,0.9,50288,44415,0.9852,1,44415,0.8,2,88830,0.9,2,88830,0.457536,00:54:35.3390785
wuf20-91\R,wuf20-91,R,50,2,1000,0.00333,0.3,5314,5188,0.5916,4,20752,0.1,29,150452,0.22,13,67444,0.18,00:08:25.7333273
wuf20-91\R,wuf20-91,R,50,2,1000,0.001,0.3,6313,6177,0.6136,4,24708,0.16,18,111186,0.24,11,67947,0.18,00:09:11.6531372
wuf20-91\R,wuf20-91,R,20,2,500,0.01,0.95,51647,45071,0.99225,1,45071,0.955,1,45071,0.955,1,45071,,
wuf20-91\R,wuf20-91,R,50,2,1000,0.01,0.1,2301,2467,0.3784,7,17269,0.04,74,182558,0.1,29,71543,0.2,00:15:50.1638835
wuf20-91\Q,wuf20-91,Q,50,2,1000,0.01,0.7,14855,12881,0.834,2,25762,0.4,6,77286,0.44,6,77286,0.33614,00:19:49.7229839
wuf20-91\Q,wuf20-91,Q,50,2,1000,0.001,0.3,6313,6175,0.5892,4,24700,0.16,18,111150,0.2,14,86450,0.18,00:18:42.4876078
wuf20-91\Q,wuf20-91,Q,20,2,500,0.01,0.95,51647,45161,0.9687,1,45161,0.845,2,90322,0.845,2,90322,,
wuf20-91\Q,wuf20-91,Q,50,2,1000,0.00333,0.9,60724,54303,0.9768,1,54303,0.74,3,162909,0.82,2,108606,0.457536,05:31:02.9235275
wuf20-91\R,wuf20-91,R,50,2,1000,0.00333,0.9,60724,54325,0.9808,1,54325,0.78,2,108650,0.78,2,108650,0.457536,01:26:00.1722057
wuf20-91\R,wuf20-91,R,20,20,500,0.01,0.95,74093,57149,0.995,1,57149,0.965,1,57149,0.965,1,57149,,
wuf20-91\Q,wuf20-91,Q,20,20,500,0.01,0.95,74093,57238,0.971,1,57238,0.85,2,114476,0.85,2,114476,,
wuf20-91\Q,wuf20-91,Q,50,2,1000,0.001,0.9,72142,66224,0.9776,1,66224,0.72,3,198672,0.84,2,132448,0.457536,02:41:27.0870902
wuf20-91\R,wuf20-91,R,50,2,1000,0.001,0.9,72142,66233,0.9848,1,66233,0.78,2,132466,0.84,2,132466,0.457536,01:31:37.9358917
wuf20-91\R,wuf20-91,R,20,200,500,0.01,0.95,96538,68509,0.9935,1,68509,0.955,1,68509,0.955,1,68509,,
wuf20-91\Q,wuf20-91,Q,20,200,500,0.01,0.95,96538,68617,0.9705,1,68617,0.845,2,137234,0.845,2,137234,,
wuf20-91\Q,wuf20-91,Q,50,2,1000,0.00333,0.3,5314,5186,0.584,4,20744,0.1,29,150394,0.12,24,124464,0.18,00:10:18.9599827
wuf20-91\R,wuf20-91,R,20,0.5,500,0.01,0.95,38134,35838,0.94425,2,71676,0.77,3,107514,0.77,3,107514,,
wuf20-91\Q,wuf20-91,Q,50,2,1000,0.01,0.95,103295,90702,0.9984,1,90702,0.94,2,181404,0.98,1,90702,0.647067,02:13:04.4996988
wuf20-91\R,wuf20-91,R,50,2,1000,0.01,0.95,103295,90748,0.9984,1,90748,0.98,1,90748,0.98,1,90748,0.614714,02:13:09.7553500
wuf20-91\Q,wuf20-91,Q,20,0.5,500,0.01,0.95,38134,35931,0.84225,2,71862,0.515,5,179655,0.515,5,179655,,
wuf20-91\R,wuf20-91,R,20,0.2,500,0.01,0.95,29202,28152,0.49525,5,140760,0.21,13,365976,0.21,13,365976,,
wuf20-91\Q,wuf20-91,Q,50,2,1000,0.01,0.99,527178,461080,1,1,461080,1,1,461080,1,1,461080,1.08337,08:38:32.7212092
wuf20-91\R,wuf20-91,R,50,2,1000,0.01,0.99,527178,462085,1,1,462085,1,1,462085,1,1,462085,1.06181,08:31:58.4858359
wuf20-91\Q,wuf20-91,Q,20,0.2,500,0.01,0.95,29202,28200,0.385,7,197400,0.12,24,676800,0.12,24,676800,,
wuf50-218\M,wuf50-218,M,50,2,1000,0.01,0.1,2301,2394,0.23,12,28728,0.06,49,117306,0.06,49,117306,0.02,01:29:42.8640920
wuf50-218\M,wuf50-218,M,50,2,500,0.01,0.1,1151,1179,0.11312,25,29475,0.024,124,146196,0.026,114,134406,0.02,07:19:17.6308470
wuf50-218\M,wuf50-218,M,50,2,1000,0.01,0.3,4401,4094,0.3272,8,32752,0.06,49,200606,0.06,49,200606,0.0162,01:08:00.8665633
wuf50-218\M,wuf50-218,M,50,2,1000,0.00333,0.3,5314,5073,0.332,8,40584,0.04,74,375402,0.08,36,182628,0.00486,00:23:54.6795544
wuf50-218\M,wuf50-218,M,50,2,1000,0.0333,0.3,3402,3141,0.2144,13,40833,0,1000000,3141000000,0.02,149,468009,0.054,00:20:41.4817662
wuf50-218\M,wuf50-218,M,50,2,1000,0.001,0.3,6313,6063,0.3376,8,48504,0,1000000,6063000000,0.06,49,297087,0.00486,00:23:12.5283282
wuf50-218\M,wuf50-218,M,50,2,1000,0.01,0.7,14855,12612,0.4948,5,63060,0.08,36,454032,0.1,29,365748,0.0276826,02:07:53.2280328
wuf50-218\M,wuf50-218,M,50,2,1000,0.1,0.3,2488,2225,0.0924,31,68975,0,1000000,2225000000,0,1000000,2225000000,0.18,00:07:59.7863023
wuf50-218\M,wuf50-218,M,50,2,1000,0.1,0.9,28433,22812,0.628,4,91248,0.24,11,250932,0.26,10,228120,0.129222,02:20:19.8318760
wuf50-218\M,wuf50-218,M,50,2,1000,0.0333,0.9,38870,32113,0.6564,3,96339,0.22,13,417469,0.24,11,353243,0.10467,03:10:07.2433371
wuf50-218\M,wuf50-218,M,50,2,1000,0.01,0.9,50288,43578,0.6828,3,130734,0.2,14,610092,0.24,11,479358,0.0942026,05:21:08.4567545
wuf50-218\M,wuf50-218,M,20,2,500,0.01,0.95,51647,44397,0.6355,3,133191,0.155,18,799146,0.155,18,799146,,
wuf50-218\M,wuf50-218,M,50,2,500,0.01,0.95,51647,44492,0.678,3,133476,0.26,10,444920,0.3,9,400428,0.083156,05:18:17.3652004
wuf50-218\M,wuf50-218,M,50,2,1000,0.00333,0.9,60724,53433,0.6768,3,160299,0.18,16,854928,0.22,13,694629,0.0847823,04:28:07.7310206
wuf50-218\M,wuf50-218,M,20,20,500,0.01,0.95,74093,56447,0.64125,3,169341,0.23,12,677364,0.23,12,677364,,
wuf50-218\M,wuf50-218,M,50,2,1000,0.01,0.95,103295,89171,0.8024,2,178342,0.3,9,802539,0.32,8,713368,0.146195,10:28:22.4483323
wuf50-218\M,wuf50-218,M,50,2,1000,0.333,0.9,17015,12865,0.2012,14,180110,0.02,149,1916885,0.02,149,1916885,0.333544,04:36:15.1362647
wuf50-218\M,wuf50-218,M,50,2,1000,0.001,0.9,72142,65367,0.6772,3,196101,0.2,14,915138,0.26,10,653670,0.0942026,03:27:00.3116481
wuf50-218\M,wuf50-218,M,20,0.2,500,0.01,0.95,29202,27524,0.3365,8,220192,0.11,26,715624,0.11,26,715624,,
wuf50-218\M,wuf50-218,M,20,200,500,0.01,0.95,96538,67802,0.631,4,271208,0.19,15,1017030,0.19,15,1017030,,
wuf50-218\M,wuf50-218,M,50,2,2000,0.01,0.95,206589,178448,0.892,2,356896,0.44,6,1070688,0.56,4,713792,0.209348,16:07:46.3618553
wuf50-218\M,wuf50-218,M,50,2,4000,0.01,0.95,413178,357161,0.9544,1,357161,0.42,6,2142966,0.82,2,714322,0.257024,1.08:46:54.1209735
wuf50-218\M,wuf50-218,M,50,2,1000,0.01,0.99,527178,453822,0.9652,1,453822,0.52,5,2269110,0.8,2,907644,0.26528,1.11:04:20.2334166
wuf50-218\M,wuf50-218,M,50,2,1000,0.333,0.3,1489,1342,0.0016,1871,2510 882,0,1000000,1342000000,0,1000000,1342000000,0.6,00:07:20.4492603
wuf50-218\N,wuf50-218,N,50,2,1000,0.01,0.1,2301,2387,0.2152,13,31031,0,1000000,2387000000,0.04,74,176638,0.02,00:43:37.3245065
wuf50-218\N,wuf50-218,N,50,2,1000,0.01,0.3,4401,4078,0.3268,8,32624,0.04,74,301772,0.04,74,301772,0.0162,00:56:41.8388525
wuf50-218\N,wuf50-218,N,50,2,500,0.01,0.1,1151,1177,0.1018,28,32956,0.018,165,194205,0.022,135,158895,0.02,03:26:32.0748591
wuf50-218\N,wuf50-218,N,50,2,1000,0.00333,0.3,5314,5057,0.362,7,35399,0,1000000,5057000000,0.02,149,753493,0.00486,00:13:33.2144770
wuf50-218\N,wuf50-218,N,50,2,1000,0.001,0.3,6313,6047,0.3548,7,42329,0.02,149,901003,0.02,149,901003,0.00486,00:14:56.5957088
wuf50-218\N,wuf50-218,N,50,2,1000,0.0333,0.3,3402,3130,0.1972,14,43820,0,1000000,3130000000,0.02,149,466370,0.054,00:17:41.5913575
wuf50-218\N,wuf50-218,N,50,2,1000,0.01,0.7,14855,12536,0.5132,5,62680,0.06,49,614264,0.06,49,614264,0.0193778,02:24:23.1162658
wuf50-218\N,wuf50-218,N,50,2,1000,0.1,0.3,2488,2218,0.0736,40,88720,0,1000000,2218000000,0,1000000,2218000000,0.18,00:08:25.4780724
wuf50-218\N,wuf50-218,N,50,2,1000,0.1,0.9,28433,22697,0.5948,4,90788,0.14,20,453940,0.16,18,408546,0.116299,01:19:13.9474790
wuf50-218\N,wuf50-218,N,50,2,1000,0.0333,0.9,38870,31894,0.6592,3,95682,0.12,24,765456,0.18,16,510304,0.0686737,06:20:19.0025330
wuf50-218\N,wuf50-218,N,50,2,1000,0.01,0.9,50288,43260,0.6588,3,129780,0.1,29,1254540,0.18,16,692160,0.0686737,01:06:21.3831831
wuf50-218\N,wuf50-218,N,50,2,500,0.01,0.95,51647,44173,0.6612,3,132519,0.2,14,618422,0.2,14,618422,0.0712959,05:16:33.3968703
wuf50-218\N,wuf50-218,N,50,2,1000,0.00333,0.9,60724,53087,0.6728,3,159261,0.12,24,1274088,0.2,14,743218,0.0618063,01:55:36.6717539
wuf50-218\N,wuf50-218,N,20,2,500,0.01,0.95,51647,44377,0.63025,4,177508,0.23,12,532524,0.23,12,532524,,
wuf50-218\N,wuf50-218,N,50,2,1000,0.001,0.9,72142,64997,0.6652,3,194991,0.1,29,1884913,0.16,18,1169946,0.0686737,03:02:27.1306560
wuf50-218\N,wuf50-218,N,20,0.2,500,0.01,0.95,29202,27536,0.33225,8,220288,0.12,24,660864,0.12,24,660864,,
wuf50-218\N,wuf50-218,N,20,20,500,0.01,0.95,74093,56441,0.6185,4,225764,0.195,14,790174,0.195,14,790174,,
wuf50-218\N,wuf50-218,N,50,2,1000,0.333,0.9,17015,12840,0.1536,18,231120,0,1000000,12840000000,0.02,149,1913160,0.333544,00:39:23.7119516
wuf50-218\N,wuf50-218,N,50,2,1000,0.01,0.95,103295,88447,0.766,3,265341,0.28,10,884470,0.32,8,707576,0.125344,10:20:03.3219889
wuf50-218\N,wuf50-218,N,20,200,500,0.01,0.95,96538,67785,0.60975,4,271140,0.23,12,813420,0.23,12,813420,,
wuf50-218\N,wuf50-218,N,50,2,2000,0.01,0.95,206589,177051,0.8744,2,354102,0.46,5,885255,0.46,5,885255,0.17949,15:03:51.8373794
wuf50-218\N,wuf50-218,N,50,2,1000,0.01,0.99,527178,450264,0.9684,1,450264,0.72,3,1350792,0.8,2,900528,0.239914,1.11:29:32.9840886
wuf50-218\N,wuf50-218,N,50,2,4000,0.01,0.95,413178,354273,0.9476,2,708546,0.48,5,1771365,0.7,3,1062819,0.220366,1.08:34:18.7204619
wuf50-218\N,wuf50-218,N,50,2,1000,0.333,0.3,1489,1342,0.0008,3744,5024 448,0,1000000,1342000000,0,1000000,1342000000,0.6,00:06:58.2545044
wuf50-218\R,wuf50-218,R,50,2,1000,0.00333,0.3,5314,5069,0.1276,22,111518,0,1000000,5069000000,0.02,149,755281,0.00486,00:13:39.0888375
wuf50-218\R,wuf50-218,R,50,2,1000,0.1,0.9,28433,22703,0.3684,7,158921,0.04,74,1680022,0.08,36,817308,0.116299,01:19:35.1728327
wuf50-218\Q,wuf50-218,Q,50,2,500,0.01,0.1,1151,1180,0.02284,130,153400,0.002,1497,1766460,0.004,748,882640,0.02,07:19:43.0384926
wuf50-218\R,wuf50-218,R,50,2,500,0.01,0.1,1151,1181,0.02432,122,144082,0.002,1497,1767957,0.004,748,883388,0.02,03:26:45.9922230
wuf50-218\R,wuf50-218,R,50,2,1000,0.001,0.3,6313,6055,0.1224,23,139265,0,1000000,6055000000,0.02,149,902195,0.00486,00:14:54.5781024
wuf50-218\R,wuf50-218,R,50,2,1000,0.0333,0.9,38870,31950,0.3844,7,223650,0.06,49,1565550,0.06,49,1565550,0.0847823,06:21:19.8912252
wuf50-218\R,wuf50-218,R,20,0.2,500,0.01,0.95,29202,27544,0.1335,21,578424,0.045,66,1817904,0.045,66,1817904,,
wuf50-218\Q,wuf50-218,Q,50,2,1000,0.01,0.7,14855,12552,0.1812,15,188280,0,1000000,12552000000,0.02,149,1870248,0.0193778,02:06:54.0658113
wuf50-218\R,wuf50-218,R,50,2,1000,0.01,0.7,14855,12578,0.2568,11,138358,0.02,149,1874122,0.02,149,1874122,0.0276826,02:07:03.1371130
wuf50-218\R,wuf50-218,R,50,2,1000,0.01,0.9,50288,43442,0.4048,6,260652,0.02,149,6472858,0.06,49,2128658,0.0763041,05:20:32.3802031
wuf50-218\R,wuf50-218,R,50,2,1000,0.00333,0.9,60724,53245,0.4004,6,319470,0.06,49,2609005,0.06,49,2609005,0.0686737,01:56:29.1379839
wuf50-218\R,wuf50-218,R,20,20,500,0.01,0.95,74093,56308,0.2355,12,675696,0.055,53,2984324,0.055,53,2984324,,
wuf50-218\R,wuf50-218,R,50,2,1000,0.001,0.9,72142,65144,0.414,6,390864,0.04,74,4820656,0.06,49,3192056,0.0763041,03:01:39.0826805
wuf50-218\R,wuf50-218,R,50,2,1000,0.01,0.95,103295,88801,0.5096,5,444005,0.06,49,4351249,0.06,49,4351249,0.119077,10:26:59.6663710
wuf50-218\Q,wuf50-218,Q,50,2,500,0.01,0.95,51647,44212,0.292,9,397908,0.02,149,6587588,0.04,74,3271688,0.0643445,05:15:58.4363154
wuf50-218\Q,wuf50-218,Q,50,2,1000,0.1,0.9,28433,22669,0.2712,10,226690,0,1000000,22669000000,0.02,149,3377681,0.116299,02:19:37.3514553
wuf50-218\R,wuf50-218,R,50,2,2000,0.01,0.95,206589,177733,0.6516,3,533199,0.08,36,6398388,0.14,20,3554660,0.170515,15:12:06.8204053
wuf50-218\Q,wuf50-218,Q,20,2,500,0.01,0.95,51647,44014,0.29275,9,396126,0.035,85,3741190,0.035,85,3741190,,
wuf50-218\R,wuf50-218,R,20,2,500,0.01,0.95,51647,44265,0.22975,12,531180,0.035,85,3762525,0.035,85,3762525,,
wuf50-218\Q,wuf50-218,Q,50,2,1000,0.00333,0.9,60724,53095,0.302,9,477855,0.02,149,7911155,0.04,74,3929030,0.0618063,04:27:53.9894300
wuf50-218\Q,wuf50-218,Q,20,0.2,500,0.01,0.95,29202,27358,0.1585,18,492444,0.02,149,4076342,0.02,149,4076342,,
wuf50-218\Q,wuf50-218,Q,20,20,500,0.01,0.95,74093,56073,0.282,10,560730,0.04,74,4149402,0.04,74,4149402,,
wuf50-218\Q,wuf50-218,Q,50,2,2000,0.01,0.95,206589,177154,0.5176,5,885770,0.06,49,8680546,0.12,24,4251696,0.161989,15:06:55.4065530
wuf50-218\Q,wuf50-218,Q,50,2,1000,0.01,0.95,103295,88529,0.3872,7,619703,0.04,74,6551146,0.08,36,3187044,0.107467,10:23:44.8081684
wuf50-218\R,wuf50-218,R,20,200,500,0.01,0.95,96538,67690,0.24525,11,744590,0.045,66,4467540,0.045,66,4467540,,
wuf50-218\R,wuf50-218,R,50,2,4000,0.01,0.95,413178,355721,0.7912,2,711442,0.12,24,8537304,0.22,13,4624373,0.209348,1.08:44:20.8471875
wuf50-218\Q,wuf50-218,Q,50,2,1000,0.0333,0.9,38870,31890,0.2876,9,287010,0,1000000,31890000000,0.02,149,4751610,0.0686737,03:08:38.0908972
wuf50-218\Q,wuf50-218,Q,50,2,1000,0.001,0.9,72142,64925,0.2888,9,584325,0.02,149,9673825,0.04,74,4804450,0.0618063,03:25:18.5079205
wuf50-218\Q,wuf50-218,Q,50,2,4000,0.01,0.95,413178,354573,0.676,3,1063 719,0.12,24,8509752,0.2,14,4964022,0.188936,1.08:42:18.4024794
wuf50-218\Q,wuf50-218,Q,50,2,1000,0.01,0.99,527178,450657,0.7344,3,1351 971,0.1,29,13069053,0.22,13,5858541,0.20634,1.12:42:41.1637440
wuf50-218\R,wuf50-218,R,50,2,1000,0.01,0.99,527178,451989,0.826,2,903978,0.2,14,6327846,0.2,14,6327846,0.219166,1.10:54:36.8465490
wuf50-218\Q,wuf50-218,Q,50,2,1000,0.01,0.9,50288,43289,0.2804,10,432890,0.02,149,6450061,0.02,149,6450061,0.0686737,05:28:09.3572778
wuf50-218\R,wuf50-218,R,50,2,500,0.01,0.95,51647,44340,0.3996,6,266040,0.02,149,6606660,0.02,149,6606660,0.0677311,05:17:50.4098159
wuf50-218\Q,wuf50-218,Q,20,200,500,0.01,0.95,96538,67431,0.28425,9,606879,0.03,99,6675669,0.03,99,6675669,,
wuf50-218\R,wuf50-218,R,50,2,1000,0.333,0.3,1489,1340,0.0008,3744,5016 960,0,1000000,1340000000,0,1000000,1340000000,0.6,00:06:56.2465453
wuf50-218\Q,wuf50-218,Q,50,2,1000,0.333,0.3,1489,1341,0.0008,3744,5020 704,0,1000000,1341000000,0,1000000,1341000000,0.6,00:07:20.8841051
wuf50-218\R,wuf50-218,R,50,2,1000,0.1,0.3,2488,2220,0.0448,66,146520,0,1000000,2220000000,0,1000000,2220000000,0.18,00:08:22.4816503
wuf50-218\Q,wuf50-218,Q,50,2,1000,0.1,0.3,2488,2221,0.0372,80,177680,0,1000000,2221000000,0,1000000,2221000000,0.18,00:07:59.9800378
wuf50-218\Q,wuf50-218,Q,50,2,1000,0.01,0.1,2301,2392,0.0504,58,138736,0,1000000,2392000000,0,1000000,2392000000,0.02,00:47:01.2941402
wuf50-218\R,wuf50-218,R,50,2,1000,0.01,0.1,2301,2396,0.0588,50,119800,0,1000000,2396000000,0,1000000,2396000000,0.02,01:29:30.9348647
wuf50-218\Q,wuf50-218,Q,50,2,1000,0.0333,0.3,3402,3134,0.0752,39,122226,0,1000000,3134000000,0,1000000,3134000000,0.054,00:20:42.7569694
wuf50-218\R,wuf50-218,R,50,2,1000,0.0333,0.3,3402,3134,0.088,33,103422,0,1000000,3134000000,0,1000000,3134000000,0.054,00:17:45.0897188
wuf50-218\Q,wuf50-218,Q,50,2,1000,0.01,0.3,4401,4083,0.082,36,146988,0,1000000,4083000000,0,1000000,4083000000,0.0162,01:38:14.9496001
wuf50-218\R,wuf50-218,R,50,2,1000,0.01,0.3,4401,4091,0.1232,23,94093,0,1000000,4091000000,0,1000000,4091000000,0.0162,01:08:53.9088969
wuf50-218\Q,wuf50-218,Q,50,2,1000,0.00333,0.3,5314,5060,0.1024,28,141680,0,1000000,5060000000,0,1000000,5060000000,0.00486,00:23:40.4778512
wuf50-218\Q,wuf50-218,Q,50,2,1000,0.001,0.3,6313,6041,0.1016,28,169148,0,1000000,6041000000,0,1000000,6041000000,0.00486,00:23:18.4877950
wuf50-218\R,wuf50-218,R,50,2,1000,0.333,0.9,17015,12820,0.0724,40,512800,0,1000000,12820000000,0,1000000,12820000000,0.333544,00:40:40.1669381
wuf50-218\Q,wuf50-218,Q,50,2,1000,0.333,0.9,17015,12827,0.0604,49,628523,0,1000000,12827000000,0,1000000,12827000000,0.333544,04:35:16.2671168
wuf75-325\M,wuf75-325,M,50,2,1000,0.001,0.3,6313,5982,0.2,14,83748,0.02,149,891318,0.06,49,293118,0.001458,00:23:07.9110819
wuf75-325\M,wuf75-325,M,50,2,1000,0.00333,0.3,5314,5002,0.16,18,90036,0.02,149,745298,0.04,74,370148,0.00486,00:31:02.6654141
wuf75-325\M,wuf75-325,M,50,2,1000,0.01,0.3,4401,4035,0.0824,35,141225,0,1000000,4035000000,0.02,149,601215,0.0162,01:02:13.6995037
wuf75-325\M,wuf75-325,M,50,2,1000,0.01,0.7,14855,12457,0.2252,12,149484,0.06,49,610393,0.08,36,448452,0.0135645,02:52:11.0925572
wuf75-325\M,wuf75-325,M,50,2,1000,0.01,0.1,2301,2354,0.0352,84,197736,0,1000000,2354000000,0,1000000,2354000000,0.02,00:49:05.0470771
wuf75-325\M,wuf75-325,M,50,2,1000,0.0333,0.9,38870,31772,0.3176,8,254176,0.02,149,4734028,0.1,29,921388,0.0405511,07:18:28.9691952
wuf75-325\M,wuf75-325,M,50,2,1000,0.01,0.9,50288,43041,0.4108,6,258246,0.12,24,1032984,0.16,18,774738,0.0157103,01:12:53.1313464
wuf75-325\M,wuf75-325,M,50,2,500,0.01,0.95,51647,43927,0.4104,6,263562,0.08,36,1581372,0.14,20,878540,0.0138108,06:12:05.5410844
wuf75-325\M,wuf75-325,M,50,2,1000,0.1,0.9,28433,22610,0.2216,12,271320,0,1000000,22610000000,0,1000000,22610000000,0.10467,03:09:00.8377915
wuf75-325\M,wuf75-325,M,20,2,500,0.01,0.95,51647,43867,0.36425,7,307069,0.055,53,2324951,0.055,53,2324951,,
wuf75-325\M,wuf75-325,M,50,2,1000,0.00333,0.9,60724,52719,0.4328,6,316314,0.14,20,1054380,0.18,16,843504,0.0114528,04:56:47.3484703
wuf75-325\M,wuf75-325,M,50,2,1000,0.001,0.9,72142,64542,0.4148,6,387252,0.14,20,1290840,0.14,20,1290840,0.0127254,04:14:26.9660085
wuf75-325\M,wuf75-325,M,20,20,500,0.01,0.95,74093,55924,0.35,7,391468,0.095,31,1733644,0.095,31,1733644,,
wuf75-325\M,wuf75-325,M,50,2,1000,0.01,0.95,103295,88000,0.478,5,440000,0.18,16,1408000,0.18,16,1408000,0.0197767,14:02:38.9164196
wuf75-325\M,wuf75-325,M,50,2,1000,0.0333,0.3,3402,3105,0.0204,146,453330,0,1000000,3105000000,0,1000000,3105000000,0.054,00:23:59.0939462
wuf75-325\M,wuf75-325,M,20,200,500,0.01,0.95,96538,67289,0.35575,7,471023,0.08,36,2422404,0.08,36,2422404,,
wuf75-325\M,wuf75-325,M,50,2,500,0.01,0.1,1151,1155,0.00532,562,649110,0,1000000,1155000000,0,1000000,1155000000,0.02,07:41:01.3495096
wuf75-325\M,wuf75-325,M,50,2,2000,0.01,0.95,206589,176237,0.5972,4,704948,0.16,18,3172266,0.3,9,1586133,0.0298103,19:02:08.8224135
wuf75-325\M,wuf75-325,M,50,2,4000,0.01,0.95,413178,352786,0.7028,3,1058 358,0.2,14,4939004,0.32,8,2822288,0.0580709,1.13:58:30.8382046
wuf75-325\M,wuf75-325,M,50,2,1000,0.01,0.99,527178,448528,0.7456,3,1345 584,0.34,8,3588224,0.38,7,3139696,0.0703963,1.15:13:35.6499806
wuf75-325\M,wuf75-325,M,50,2,1000,0.1,0.3,2488,2202,0.004,748,1647 096,0,1000000,2202000000,0,1000000,2202000000,0.18,00:09:41.3805767
wuf75-325\M,wuf75-325,M,50,2,1000,0.333,0.9,17015,12797,0.01,299,3826 303,0,1000000,12797000000,0,1000000,12797000000,0.333544,05:09:00.7259424
wuf75-325\M,wuf75-325,M,50,2,1000,0.333,0.3,1489,1334,0,1000000,1334 000000,0,1000000,1334000000,0,1000000,1334000000,0.6,00:08:46.0934564
wuf75-325\N,wuf75-325,N,50,2,1000,0.00333,0.3,5314,5006,0.1384,21,105126,0,1000000,5006000000,0.02,149,745894,0.00486,00:09:47.1923493
wuf75-325\N,wuf75-325,N,50,2,1000,0.001,0.3,6313,5984,0.156,18,107712,0,1000000,5984000000,0.02,149,891616,0.001458,00:16:30.1134872
wuf75-325\N,wuf75-325,N,50,2,1000,0.01,0.3,4401,4036,0.0632,46,185656,0,1000000,4036000000,0,1000000,4036000000,0.0162,01:44:30.1549066
wuf75-325\N,wuf75-325,N,50,2,1000,0.01,0.7,14855,12457,0.184,15,186855,0.04,74,921818,0.04,74,921818,0.0135645,02:31:46.3380505
wuf75-325\N,wuf75-325,N,50,2,1000,0.01,0.1,2301,2355,0.0268,111,261405,0,1000000,2355000000,0,1000000,2355000000,0.02,00:52:00.7638782
wuf75-325\N,wuf75-325,N,50,2,1000,0.01,0.9,50288,43014,0.3588,7,301098,0.02,149,6409086,0.02,149,6409086,0.0141393,07:22:56.6368865
wuf75-325\N,wuf75-325,N,20,2,500,0.01,0.95,51647,43871,0.377,7,307097,0.105,28,1228388,0.105,28,1228388,,
wuf75-325\N,wuf75-325,N,50,2,500,0.01,0.95,51647,43914,0.3528,7,307398,0,1000000,43914000000,0.04,74,3249636,0.0138108,06:09:27.0922426
wuf75-325\N,wuf75-325,N,50,2,1000,0.0333,0.9,38870,31760,0.2808,10,317600,0,1000000,31760000000,0.02,149,4732240,0.0405511,07:10:36.2991529
wuf75-325\N,wuf75-325,N,50,2,1000,0.1,0.9,28433,22610,0.1892,15,339150,0,1000000,22610000000,0,1000000,22610000000,0.10467,01:06:22.7861205
wuf75-325\N,wuf75-325,N,50,2,1000,0.00333,0.9,60724,52704,0.3696,7,368928,0,1000000,52704000000,0.02,149,7852896,0.0114528,01:23:07.4408684
wuf75-325\N,wuf75-325,N,20,20,500,0.01,0.95,74093,55927,0.374,7,391489,0.105,28,1565956,0.105,28,1565956,,
wuf75-325\N,wuf75-325,N,50,2,1000,0.001,0.9,72142,64527,0.3664,7,451689,0,1000000,64527000000,0.02,149,9614523,0.0114528,03:28:09.6640959
wuf75-325\N,wuf75-325,N,20,200,500,0.01,0.95,96538,67287,0.378,7,471009,0.13,22,1480314,0.13,22,1480314,,
wuf75-325\N,wuf75-325,N,50,2,1000,0.01,0.95,103295,87946,0.4452,6,527676,0,1000000,87946000000,0.04,74,6508004,0.0197767,14:02:59.3813882
wuf75-325\N,wuf75-325,N,50,2,1000,0.0333,0.3,3402,3107,0.0156,191,593437,0,1000000,3107000000,0,1000000,3107000000,0.054,00:18:39.6743806
wuf75-325\N,wuf75-325,N,50,2,2000,0.01,0.95,206589,176080,0.5464,4,704320,0.08,36,6338880,0.14,20,3521600,0.0255586,16:28:28.9637485
wuf75-325\N,wuf75-325,N,50,2,500,0.01,0.1,1151,1156,0.00456,656,758336,0,1000000,1156000000,0,1000000,1156000000,0.02,03:36:47.3614563
wuf75-325\N,wuf75-325,N,50,2,4000,0.01,0.95,413178,352442,0.6436,3,1057 326,0.04,74,26080708,0.26,10,3524420,0.0497886,1.13:54:47.2533414
wuf75-325\N,wuf75-325,N,50,2,1000,0.01,0.99,527178,448122,0.6976,3,1344 366,0.14,20,8962440,0.26,10,4481220,0.0510359,1.16:25:17.1384688
wuf75-325\N,wuf75-325,N,50,2,1000,0.1,0.3,2488,2203,0.0032,935,2059 805,0,1000000,2203000000,0,1000000,2203000000,0.18,00:10:40.7357569
wuf75-325\N,wuf75-325,N,50,2,1000,0.333,0.9,17015,12801,0.0112,266,3405 066,0,1000000,12801000000,0,1000000,12801000000,0.333544,00:37:54.9018841
wuf75-325\N,wuf75-325,N,50,2,1000,0.333,0.3,1489,1334,0,1000000,1334 000000,0,1000000,1334000000,0,1000000,1334000000,0.6,00:06:46.7678860
wuf75-325\Q,wuf75-325,Q,20,2,500,0.01,0.95,51647,43892,0.1225,23,1009 516,0.01,299,13123708,0.01,299,13123708,,
wuf75-325\R,wuf75-325,R,20,200,500,0.01,0.95,96538,67257,0.091,32,2152 224,0.015,199,13384143,0.015,199,13384143,,
wuf75-325\Q,wuf75-325,Q,20,20,500,0.01,0.95,74093,55939,0.117,25,1398 475,0.01,299,16725761,0.01,299,16725761,,
wuf75-325\R,wuf75-325,R,20,2,500,0.01,0.95,51647,43839,0.08925,33,1446 687,0.005,598,26215722,0.005,598,26215722,,
wuf75-325\R,wuf75-325,R,20,20,500,0.01,0.95,74093,55905,0.09575,30,1677 150,0.005,598,33431190,0.005,598,33431190,,
wuf75-325\Q,wuf75-325,Q,20,200,500,0.01,0.95,96538,67314,0.11875,24,1615 536,0.005,598,40253772,0.005,598,40253772,,
wuf75-325\Q,wuf75-325,Q,50,2,500,0.01,0.1,1151,1159,0.00076,3941,4567 619,0,1000000,1159000000,0,1000000,1159000000,0.02,07:41:10.4414108
wuf75-325\R,wuf75-325,R,50,2,500,0.01,0.1,1151,1159,0.00084,3565,4131 835,0,1000000,1159000000,0,1000000,1159000000,0.02,03:36:55.0882947
wuf75-325\Q,wuf75-325,Q,50,2,1000,0.333,0.3,1489,1333,0,1000000,1333 000000,0,1000000,1333000000,0,1000000,1333000000,0.6,00:08:46.2345876
wuf75-325\R,wuf75-325,R,50,2,1000,0.333,0.3,1489,1333,0,1000000,1333 000000,0,1000000,1333000000,0,1000000,1333000000,0.6,00:06:41.2586829
wuf75-325\Q,wuf75-325,Q,50,2,1000,0.1,0.3,2488,2202,0.0016,1871,4119 942,0,1000000,2202000000,0,1000000,2202000000,0.18,00:09:40.9481182
wuf75-325\R,wuf75-325,R,50,2,1000,0.1,0.3,2488,2202,0.0004,7488,16488 576,0,1000000,2202000000,0,1000000,2202000000,0.18,00:10:44.2081217
wuf75-325\Q,wuf75-325,Q,50,2,1000,0.01,0.1,2301,2360,0.0084,356,840160,0,1000000,2360000000,0,1000000,2360000000,0.02,01:31:29.3942430
wuf75-325\R,wuf75-325,R,50,2,1000,0.01,0.1,2301,2360,0.0076,393,927480,0,1000000,2360000000,0,1000000,2360000000,0.02,00:49:11.3050688
wuf75-325\Q,wuf75-325,Q,50,2,1000,0.0333,0.3,3402,3104,0.0088,339,1052 256,0,1000000,3104000000,0,1000000,3104000000,0.054,00:24:02.0861594
wuf75-325\R,wuf75-325,R,50,2,1000,0.0333,0.3,3402,3105,0.0028,1069,3319 245,0,1000000,3105000000,0,1000000,3105000000,0.054,00:18:42.0219301
wuf75-325\Q,wuf75-325,Q,50,2,1000,0.01,0.3,4401,4039,0.0144,207,836073,0,1000000,4039000000,0,1000000,4039000000,0.0162,01:20:43.1563933
wuf75-325\R,wuf75-325,R,50,2,1000,0.01,0.3,4401,4040,0.016,186,751440,0,1000000,4040000000,0,1000000,4040000000,0.0162,01:03:35.6520119
wuf75-325\R,wuf75-325,R,50,2,1000,0.00333,0.3,5314,5006,0.0164,182,911092,0,1000000,5006000000,0,1000000,5006000000,0.00486,00:09:44.1994552
wuf75-325\Q,wuf75-325,Q,50,2,1000,0.00333,0.3,5314,5007,0.0232,128,640896,0,1000000,5007000000,0,1000000,5007000000,0.00486,00:31:11.3911614
wuf75-325\Q,wuf75-325,Q,50,2,1000,0.001,0.3,6313,5984,0.0224,133,795872,0,1000000,5984000000,0,1000000,5984000000,0.001458,00:23:07.7431341
wuf75-325\R,wuf75-325,R,50,2,1000,0.001,0.3,6313,5986,0.018,165,987690,0,1000000,5986000000,0,1000000,5986000000,0.001458,00:16:32.2237758
wuf75-325\R,wuf75-325,R,50,2,1000,0.01,0.7,14855,12448,0.0472,62,771776,0,1000000,12448000000,0,1000000,12448000000,0.0135645,02:51:18.4260160
wuf75-325\Q,wuf75-325,Q,50,2,1000,0.01,0.7,14855,12454,0.0552,53,660062,0,1000000,12454000000,0,1000000,12454000000,0.0135645,02:44:19.0243424
wuf75-325\R,wuf75-325,R,50,2,1000,0.333,0.9,17015,12784,0.0012,2495,31896 080,0,1000000,12784000000,0,1000000,12784000000,0.333544,00:37:39.4295141
wuf75-325\Q,wuf75-325,Q,50,2,1000,0.333,0.9,17015,12789,0.0004,7488,95764 032,0,1000000,12789000000,0,1000000,12789000000,0.333544,05:09:53.1178374
wuf75-325\R,wuf75-325,R,50,2,1000,0.1,0.9,28433,22569,0.0644,46,1038 174,0,1000000,22569000000,0,1000000,22569000000,0.10467,01:06:47.7551554
wuf75-325\Q,wuf75-325,Q,50,2,1000,0.1,0.9,28433,22584,0.074,39,880776,0,1000000,22584000000,0,1000000,22584000000,0.10467,03:08:46.6056959
wuf75-325\R,wuf75-325,R,50,2,1000,0.0333,0.9,38870,31714,0.094,31,983134,0,1000000,31714000000,0,1000000,31714000000,0.036496,07:11:21.2767848
wuf75-325\Q,wuf75-325,Q,50,2,1000,0.0333,0.9,38870,31726,0.1036,28,888328,0,1000000,31726000000,0,1000000,31726000000,0.036496,07:18:48.1390785
wuf75-325\Q,wuf75-325,Q,50,2,1000,0.01,0.9,50288,42977,0.1152,25,1074 425,0,1000000,42977000000,0,1000000,42977000000,0.0141393,07:13:10.0704512
wuf75-325\R,wuf75-325,R,50,2,1000,0.01,0.9,50288,42990,0.1088,27,1160 730,0,1000000,42990000000,0,1000000,42990000000,0.0141393,01:12:54.5356043
wuf75-325\Q,wuf75-325,Q,50,2,500,0.01,0.95,51647,43892,0.1176,24,1053 408,0,1000000,43892000000,0,1000000,43892000000,0.0145377,03:05:48.9179128
wuf75-325\R,wuf75-325,R,50,2,500,0.01,0.95,51647,43894,0.1072,27,1185 138,0,1000000,43894000000,0,1000000,43894000000,0.0145377,03:05:34.1233591
wuf75-325\R,wuf75-325,R,50,2,1000,0.00333,0.9,60724,52666,0.104,28,1474 648,0,1000000,52666000000,0,1000000,52666000000,0.0127254,01:23:24.4115650
wuf75-325\Q,wuf75-325,Q,50,2,1000,0.00333,0.9,60724,52671,0.1192,24,1264 104,0,1000000,52671000000,0,1000000,52671000000,0.0127254,04:56:40.4573014
wuf75-325\R,wuf75-325,R,50,2,1000,0.001,0.9,72142,64470,0.108,27,1740 690,0,1000000,64470000000,0,1000000,64470000000,0.0127254,03:28:50.9695854
wuf75-325\Q,wuf75-325,Q,50,2,1000,0.001,0.9,72142,64478,0.1208,24,1547 472,0,1000000,64478000000,0,1000000,64478000000,0.0127254,04:14:03.0615706
wuf75-325\Q,wuf75-325,Q,50,2,1000,0.01,0.95,103295,87865,0.158,18,1581 570,0,1000000,87865000000,0,1000000,87865000000,0.0187879,09:13:54.8803566
wuf75-325\R,wuf75-325,R,50,2,1000,0.01,0.95,103295,87881,0.1464,19,1669 739,0,1000000,87881000000,0,1000000,87881000000,0.0187879,09:10:35.3569505
wuf75-325\R,wuf75-325,R,50,2,2000,0.01,0.95,206589,175788,0.1736,16,2812 608,0,1000000,175788000000,0,1000000,175788000000,0.0269038,04:49:38.4696079
wuf75-325\Q,wuf75-325,Q,50,2,2000,0.01,0.95,206589,175892,0.2156,13,2286 596,0,1000000,175892000000,0,1000000,175892000000,0.0269038,04:50:05.2108593
wuf75-325\R,wuf75-325,R,50,2,4000,0.01,0.95,413178,351921,0.254,11,3871 131,0,1000000,351921000000,0,1000000,351921000000,0.0426875,18:36:29.4478945
wuf75-325\Q,wuf75-325,Q,50,2,4000,0.01,0.95,413178,351961,0.2804,10,3519 610,0,1000000,351961000000,0,1000000,351961000000,0.0426875,21:46:10.0380126
wuf75-325\Q,wuf75-325,Q,50,2,1000,0.01,0.99,527178,447222,0.3036,9,4024 998,0,1000000,447222000000,0,1000000,447222000000,0.0525981,1.14:17:58.0580429
wuf75-325\R,wuf75-325,R,50,2,1000,0.01,0.99,527178,447285,0.28,10,4472 850,0,1000000,447285000000,0,1000000,447285000000,0.0570018,1.15:10:35.1329361